{
  "n_rows": 26,
  "tp": 10,
  "fp": 0,
  "tn": 16,
  "fn": 0,
  "authentic_recall": 1.0,
  "ai_recall": 1.0,
  "overall_accuracy": 1.0,
  "auth_mean_score": 0.13075642607891316,
  "ai_mean_score": 0.7766337087110365,
  "margin": 0.6458772826321234
}